,Sleep_Night2,Genotype
0,509.0,R58H05QF2-A_x_QUASdTRPA1-7_5xiso_MH421_
1,370.0,R58H05QF2-A_x_QUASdTRPA1-7_5xiso_MH421_
2,547.0,R58H05QF2-A_x_QUASdTRPA1-7_5xiso_MH421_
3,533.0,R58H05QF2-A_x_QUASdTRPA1-7_5xiso_MH421_
4,547.0,R58H05QF2-A_x_QUASdTRPA1-7_5xiso_MH421_
5,551.0,R58H05QF2-A_x_QUASdTRPA1-7_5xiso_MH421_
6,356.0,R58H05QF2-A_x_QUASdTRPA1-7_5xiso_MH421_
7,574.0,R58H05QF2-A_x_QUASdTRPA1-7_5xiso_MH421_
8,362.0,R58H05QF2-A_x_QUASdTRPA1-7_5xiso_MH421_
9,441.0,R58H05QF2-A_x_QUASdTRPA1-7_5xiso_MH421_
10,273.0,R58H05QF2-A_x_QUASdTRPA1-7_5xiso_MH421_
11,568.0,R58H05QF2-A_x_QUASdTRPA1-7_5xiso_MH421_
12,632.0,R58H05QF2-A_x_QUASdTRPA1-7_5xiso_MH421_
13,378.0,R58H05QF2-A_x_QUASdTRPA1-7_5xiso_MH421_
14,402.0,R58H05QF2-A_x_QUASdTRPA1-7_5xiso_MH421_
15,525.0,R58H05QF2-A_x_QUASdTRPA1-7_5xiso_MH421_
16,377.0,R58H05QF2-A_x_QUASdTRPA1-7_5xiso_MH421_
17,550.0,R58H05QF2-A_x_QUASdTRPA1-7_5xiso_MH421_
18,491.0,R58H05QF2-A_x_QUASdTRPA1-7_5xiso_MH421_
19,269.0,R58H05QF2-A_x_QUASdTRPA1-7_5xiso_MH421_
20,529.0,R58H05QF2-A_x_QUASdTRPA1-7_5xiso_MH421_
21,427.0,R58H05QF2-A_x_QUASdTRPA1-7_5xiso_MH421_
22,568.0,R58H05QF2-A_x_QUASdTRPA1-7_5xiso_MH421_
23,480.0,R58H05QF2-A_x_QUASdTRPA1-7_5xiso_MH421_
24,573.0,R58H05QF2-A_x_QUASdTRPA1-7_5xiso_MH421_
25,501.0,iso31_x_QUASdTRPA1-7_5xiso_MH421_
26,540.0,iso31_x_QUASdTRPA1-7_5xiso_MH421_
27,488.0,iso31_x_QUASdTRPA1-7_5xiso_MH421_
28,203.0,iso31_x_QUASdTRPA1-7_5xiso_MH421_
29,282.0,iso31_x_QUASdTRPA1-7_5xiso_MH421_
30,499.0,iso31_x_QUASdTRPA1-7_5xiso_MH421_
31,481.0,iso31_x_QUASdTRPA1-7_5xiso_MH421_
32,407.0,iso31_x_QUASdTRPA1-7_5xiso_MH421_
33,359.0,iso31_x_QUASdTRPA1-7_5xiso_MH421_
34,333.0,iso31_x_QUASdTRPA1-7_5xiso_MH421_
35,361.0,iso31_x_QUASdTRPA1-7_5xiso_MH421_
36,476.0,iso31_x_QUASdTRPA1-7_5xiso_MH421_
37,182.0,iso31_x_QUASdTRPA1-7_5xiso_MH421_
38,572.0,iso31_x_QUASdTRPA1-7_5xiso_MH421_
39,301.0,iso31_x_QUASdTRPA1-7_5xiso_MH421_
40,293.0,iso31_x_QUASdTRPA1-7_5xiso_MH421_
41,503.0,iso31_x_QUASdTRPA1-7_5xiso_MH421_
42,350.0,iso31_x_QUASdTRPA1-7_5xiso_MH421_
43,499.0,iso31_x_QUASdTRPA1-7_5xiso_MH421_
44,357.0,iso31_x_QUASdTRPA1-7_5xiso_MH421_
45,492.0,iso31_x_QUASdTRPA1-7_5xiso_MH421_
46,457.0,iso31_x_QUASdTRPA1-7_5xiso_MH421_
47,458.0,iso31_x_QUASdTRPA1-7_5xiso_MH421_
48,579.0,iso31_x_QUASdTRPA1-7_5xiso_MH421_
49,371.0,iso31_x_QUASdTRPA1-7_5xiso_MH421_
50,429.0,iso31_x_QUASdTRPA1-7_5xiso_MH421_
51,278.0,iso31_x_QUASdTRPA1-7_5xiso_MH421_
52,407.0,iso31_x_QUASdTRPA1-7_5xiso_MH421_
53,412.0,iso31_x_QUASdTRPA1-7_5xiso_MH421_
