,Day3ZT0-6,Genotype
0,207.0,R58H05QF2-A_x_QUASdTRPA1-7_5xiso_MH421_
1,163.0,R58H05QF2-A_x_QUASdTRPA1-7_5xiso_MH421_
2,252.0,R58H05QF2-A_x_QUASdTRPA1-7_5xiso_MH421_
3,175.0,R58H05QF2-A_x_QUASdTRPA1-7_5xiso_MH421_
4,221.0,R58H05QF2-A_x_QUASdTRPA1-7_5xiso_MH421_
5,189.0,R58H05QF2-A_x_QUASdTRPA1-7_5xiso_MH421_
6,258.0,R58H05QF2-A_x_QUASdTRPA1-7_5xiso_MH421_
7,254.0,R58H05QF2-A_x_QUASdTRPA1-7_5xiso_MH421_
8,171.0,R58H05QF2-A_x_QUASdTRPA1-7_5xiso_MH421_
9,232.0,R58H05QF2-A_x_QUASdTRPA1-7_5xiso_MH421_
10,221.0,R58H05QF2-A_x_QUASdTRPA1-7_5xiso_MH421_
11,281.0,R58H05QF2-A_x_QUASdTRPA1-7_5xiso_MH421_
12,271.0,R58H05QF2-A_x_QUASdTRPA1-7_5xiso_MH421_
13,316.0,R58H05QF2-A_x_QUASdTRPA1-7_5xiso_MH421_
14,328.0,R58H05QF2-A_x_QUASdTRPA1-7_5xiso_MH421_
15,337.0,R58H05QF2-A_x_QUASdTRPA1-7_5xiso_MH421_
16,246.0,R58H05QF2-A_x_QUASdTRPA1-7_5xiso_MH421_
17,307.0,R58H05QF2-A_x_QUASdTRPA1-7_5xiso_MH421_
18,355.0,R58H05QF2-A_x_QUASdTRPA1-7_5xiso_MH421_
19,338.0,R58H05QF2-A_x_QUASdTRPA1-7_5xiso_MH421_
20,320.0,R58H05QF2-A_x_QUASdTRPA1-7_5xiso_MH421_
21,318.0,R58H05QF2-A_x_QUASdTRPA1-7_5xiso_MH421_
22,303.0,R58H05QF2-A_x_QUASdTRPA1-7_5xiso_MH421_
23,183.0,R58H05QF2-A_x_QUASdTRPA1-7_5xiso_MH421_
24,300.0,R58H05QF2-A_x_QUASdTRPA1-7_5xiso_MH421_
25,125.0,iso31_x_QUASdTRPA1-7_5xiso_MH421_
26,185.0,iso31_x_QUASdTRPA1-7_5xiso_MH421_
27,116.0,iso31_x_QUASdTRPA1-7_5xiso_MH421_
28,148.0,iso31_x_QUASdTRPA1-7_5xiso_MH421_
29,188.0,iso31_x_QUASdTRPA1-7_5xiso_MH421_
30,188.0,iso31_x_QUASdTRPA1-7_5xiso_MH421_
31,195.0,iso31_x_QUASdTRPA1-7_5xiso_MH421_
32,194.0,iso31_x_QUASdTRPA1-7_5xiso_MH421_
33,205.0,iso31_x_QUASdTRPA1-7_5xiso_MH421_
34,199.0,iso31_x_QUASdTRPA1-7_5xiso_MH421_
35,60.0,iso31_x_QUASdTRPA1-7_5xiso_MH421_
36,204.0,iso31_x_QUASdTRPA1-7_5xiso_MH421_
37,76.0,iso31_x_QUASdTRPA1-7_5xiso_MH421_
38,139.0,iso31_x_QUASdTRPA1-7_5xiso_MH421_
39,134.0,iso31_x_QUASdTRPA1-7_5xiso_MH421_
40,228.0,iso31_x_QUASdTRPA1-7_5xiso_MH421_
41,234.0,iso31_x_QUASdTRPA1-7_5xiso_MH421_
42,223.0,iso31_x_QUASdTRPA1-7_5xiso_MH421_
43,217.0,iso31_x_QUASdTRPA1-7_5xiso_MH421_
44,188.0,iso31_x_QUASdTRPA1-7_5xiso_MH421_
45,241.0,iso31_x_QUASdTRPA1-7_5xiso_MH421_
46,157.0,iso31_x_QUASdTRPA1-7_5xiso_MH421_
47,200.0,iso31_x_QUASdTRPA1-7_5xiso_MH421_
48,346.0,iso31_x_QUASdTRPA1-7_5xiso_MH421_
49,279.0,iso31_x_QUASdTRPA1-7_5xiso_MH421_
50,234.0,iso31_x_QUASdTRPA1-7_5xiso_MH421_
51,233.0,iso31_x_QUASdTRPA1-7_5xiso_MH421_
52,263.0,iso31_x_QUASdTRPA1-7_5xiso_MH421_
53,228.0,iso31_x_QUASdTRPA1-7_5xiso_MH421_
